Dia,Eficiencia
1,96.3249077978721
2,96.30698892906105
3,96.28907006025001
4,96.27115119143896
5,96.25323232262791
6,96.23531345381686
7,96.2173945850058
8,96.19947571619477
9,96.18155684738372
10,96.16363797857267
11,96.14571910976161
12,96.12780024095056
13,96.10988137213953
14,96.09196250332847
15,96.07404363451742
16,96.05612476570637
17,96.03820589689532
18,96.02028702808428
19,96.00236815927323
20,95.98444929046218
21,95.96653042165113
22,95.94861155284008
23,95.93069268402904
24,95.91277381521799
25,95.89485494640694
26,95.87693607759589
27,95.85901720878483
28,95.8410983399738
29,95.82317947116275
30,95.8052606023517
31,95.78734173354064
32,95.76942286472959
33,95.75150399591855
34,95.7335851271075
35,95.71566625829645
36,95.6977473894854
37,95.67982852067435
38,95.66190965186331
39,95.64399078305226
40,95.62607191424121
41,95.60815304543016
42,95.5902341766191
43,95.57231530780807
44,95.55439643899702
45,95.53647757018597
46,95.51855870137491
47,95.50063983256386
48,95.48272096375283
49,95.46480209494177
50,95.44688322613072
51,95.42896435731967
52,95.41104548850862
53,95.39312661969758
54,95.37520775088653
55,95.35728888207548
56,95.33937001326443
57,95.32145114445338
58,95.30353227564234
59,95.28561340683129
60,95.26769453802024
61,95.24977566920919
62,95.23185680039813
63,95.21393793158708
64,95.19601906277605
65,95.178100193965
66,95.16018132515394
67,95.14226245634289
68,95.12434358753185
69,95.1064247187208
70,95.08850584990975
71,95.0705869810987
72,95.05266811228765
73,95.0347492434766
74,95.01683037466556
75,94.99891150585451
76,94.98099263704346
77,94.9630737682324
78,94.94515489942135
79,94.92723603061032
80,94.90931716179927
81,94.89139829298821
82,94.87347942417716
83,94.85556055536611
84,94.83764168655507
85,94.81972281774402
86,94.80180394893297
87,94.78388508012192
88,94.76596621131087
89,94.74804734249983
90,94.73012847368878
91,94.71220960487773
92,94.69429073606668
93,94.67637186725563
94,94.65845299844459
95,94.64053412963354
96,94.62261526082249
97,94.60469639201143
98,94.58677752320038
99,94.56885865438935
100,94.5509397855783
